{
	"id": "3a1d2f69-55af-4d2b-9dd4-8a8caf6ab6ca",
	"name": "SPRING_BOOT_UDEMY",
	"values": [
		{
			"key": "host",
			"value": "http://localhost:8080",
			"enabled": true
		},
		{
			"key": "user",
			"value": "leandro",
			"enabled": true
		},
		{
			"key": "password",
			"value": "admin123",
			"enabled": true
		},
		{
			"key": "bearer_token",
			"value": "",
			"enabled": true
		},
		{
			"key": "content_accept",
			"value": "application/xml, application/json, application/x-yaml",
			"enabled": true
		},
		{
			"key": "content_type",
			"value": "application/xml, application/json, application/x-yaml",
			"enabled": true
		}
	],
	"_postman_variable_scope": "environment",
	"_postman_exported_at": "2019-08-30T20:52:47.821Z",
	"_postman_exported_using": "Postman/7.3.6"
}